{
    "dataset": "CICIDS2017",
    "avg_ks": 0.5718407407407408,
    "avg_kl": NaN,
    "real_f1": 0.9993228085746881,
    "syn_f1": 0.0,
    "utility_loss": 0.9993228085746881
}