{
    "dataset": "UNSW-NB15",
    "avg_ks": 0.5332936708860758,
    "avg_kl": 3.6302680529498743,
    "real_f1": 1.0,
    "syn_f1": 1.0,
    "utility_loss": 0.0
}