{
    "avg_ks_score": 0.5298772151898735,
    "avg_kl_divergence": 3.6014282380249485,
    "tstr_real": {
        "f1": 0.4999166527754626,
        "precision": 0.49983333333333335,
        "recall": 0.5
    },
    "tstr_syn": {
        "f1": 0.11650500912831772,
        "precision": 0.5001918649270913,
        "recall": 0.5656885628542847
    }
}